idiom,sentence,matched_span,register,region
हाथ जोड़ना,किसान सरकार से मदद के लिए हाथ जोड़कर गुहार लगा रहा था।,हाथ जोड़कर,['neutral'],['Khari Boli Hindi']
बाल-बाल मोती पिरोना,"सीमा ने इस प्रोजेक्ट पर बाल-बाल मोती पिरोना की तरह काम किया, हर डिटेल पर ध्यान दिया।",बाल-बाल मोती पिरोना,['literary'],['Khari Boli Hindi']
डूबते को तिनके का सहारा,डूबते को तिनके का सहारा समझकर उसने छोटी सी मदद भी स्वीकार कर ली।,डूबते को तिनके का सहारा,['neutral'],['Khari Boli Hindi']
दो नावों की सवारी,दो नावों की सवारी करने वालों को अंत में दोनों ही नावों से पानी में गिरना पड़ता है।,दो नावों की सवारी करने,"['informal', 'proverbial']",['Khari Boli Hindi']
खाना,वह झूठ बोलने के कारण अपने दोस्तों का विश्वास खाना नहीं चाहता था।,खाना,['informal'],['Khari Boli Hindi']
साठे पर पाठा,टीम की हार के बाद कोच को साठे पर पाठा सुनना पड़ा।,साठे पर पाठा,['informal'],"['Haryanvi Hindi', 'Khari Boli Hindi']"
जलन,उसकी सफलता देखकर उसकी जलन छुपाना मुश्किल था।,जलन,['neutral'],['Khari Boli Hindi']
मुँहतोड़ जवाब,उसने मुँहतोड़ जवाब देकर अपने आलोचकों को चुप करा दिया।,मुँहतोड़ जवाब देकर,['informal'],['Khari Boli Hindi']
मसें भीगना,"उसके बोलने से सब मसें भीग गए, भावुक हो गए।",मसें भीग गए,['informal'],['Khari Boli Hindi']
सरकार का दामाद,ऐसे सरकार के दामादों की वजह से भ्रष्टाचार बढ़ता है।,सरकार के दामादों,"['informal', 'pejorative']",['Khari Boli Hindi']
क्या मैं फ़ारसी बोल रहा हूँ,तुम मेरी बातों को क्यों नजरअंदाज कर रहे हो? क्या मैं फ़ारसी बोल रहा हूँ?,क्या मैं फ़ारसी बोल रहा हूँ,['informal'],['Khari Boli Hindi']
चढ़ जाना,सेना ने दुश्मन पर चढ़ जाना शुरू कर दिया।,चढ़ जाना,"['military', 'literary']",['Khari Boli Hindi']
छत्तीस का आँकड़ा,"जब मैंने अपनी बात रखी, तो वे इसे छत्तीस का आँकड़ा समझकर अनसुना कर गए।",छत्तीस का आँकड़ा,['informal'],['Khari Boli Hindi']
दूध का दूध और पानी का पानी,"उसने अपनी रिपोर्ट में दूध का दूध और पानी का पानी कर दिया, जिससे सबको न्याय मिला।",दूध का दूध और पानी का पानी कर दिया,"['neutral', 'formal']",['Khari Boli Hindi']
अपना उल्लू सीधा करना,अगर तुम अपना उल्लू सीधा करोगे तो लोग तुम्हारी आलोचना करेंगे।,अपना उल्लू सीधा करोगे,['informal'],['Khari Boli Hindi']
रामबाण,विवाद खत्म करने के लिए रामबाण उपाय अपनाना होगा।,रामबाण,"['neutral', 'formal']",['Khari Boli Hindi']
बकरे की माँ कब तक ख़ैर मनायेगी,"तुम्हारी जीत हुई है, लेकिन बकरे की माँ कब तक ख़ैर मनाएगी, अभी चुनौती बाकी है।",बकरे की माँ कब तक ख़ैर मनाएगी,"['informal', 'proverbial']",['Khari Boli Hindi']
जाग जाना,शिक्षक की बात सुनकर छात्र जाग गया और पढ़ाई में मन लगने लगा।,जाग गया,['neutral'],['Khari Boli Hindi']
जैसा कि मैं कह रहा था,"जैसा कि मैं कह रहा था, अगर हम इस तरीके से काम करेंगे, तो हमें बेहतर परिणाम मिलेंगे।",जैसा कि मैं कह रहा था,"['informal', 'neutral']",['Khari Boli Hindi']
एक दूजे के वास्ते,"राज और प्रिया सचमुच एक दूजे के वास्ते हैं, उनकी जोड़ी कमाल की है।",एक दूजे के वास्ते,['informal'],['Khari Boli Hindi']
अब पछताए क्या होत जब चिड़िया चुग गई खेत,"राजू ने समझाया कि अब पछताए क्या होत जब चिड़िया चुग गई खेत, आगे बढ़ो।",अब पछताए क्या होत जब चिड़िया चुग गई खेत,"['proverbial', 'neutral']",['Khari Boli Hindi']
नौ दो ग्यारह होना,जब झगड़ा बढ़ा तो दोनों लड़के नौ दो ग्यारह हो गए।,नौ दो ग्यारह हो गए,['informal'],['Khari Boli Hindi']
शब्दसागर,डॉ. शर्मा हिंदी साहित्य के शब्दसागर माने जाते हैं।,शब्दसागर,['formal'],['Khari Boli Hindi']
नाम बड़े और दर्शन छोटे,"उस नेता का बयान नाम बड़े और दर्शन छोटे जैसा था, जो जनता को प्रभावित नहीं कर पाया।",नाम बड़े और दर्शन छोटे,"['informal', 'proverbial']",['Khari Boli Hindi']
साँच को आँच नहीं,"असली गवाह सामने आने पर, साँच को आँच नहीं सिद्ध हो गया।",साँच को आँच नहीं,"['proverbial', 'formal']",['Khari Boli Hindi']
सीधी उंगली से घी नहीं निकलता,"क्या तुम सच में सोचते हो कि इस मामले में सीधी उंगली से घी निकल जाएगा? नहीं, थोड़ा चालाकी चाहिए।",सीधी उंगली से घी,"['informal', 'proverbial']",['Khari Boli Hindi']
खुजली,"उसमें देश सेवा करने की खुजली थी, इसलिए वह हमेशा तैयार रहता था।",खुजली,['informal'],['Khari Boli Hindi']
पल्ले नहीं पड़ना,"पढ़ाई में मेहनत करने के बाद भी उसका पल्ला नहीं पड़ा, इसलिए वह निराश था।",पल्ला नहीं पड़ा,['informal'],['Khari Boli Hindi']
ख़बर लेना,मैंने तुम्हारी तबीयत की ख़बर लेने के लिए तुम्हारे घर फोन किया था।,ख़बर लेने,"['informal', 'colloquial']","['Khari Boli Hindi', 'Urdu origin']"
आस्तीन का सांप,मेरी कंपनी में एक आस्तीन का सांप था जिसने हमारे राज़ों को प्रतिद्वंद्वी को बेच दिया।,आस्तीन का सांप,"['informal', 'pejorative']",['Khari Boli Hindi']
बाल-बाल बचाना,"जब राकेश का कार एक्सीडेंट हुआ, तो डॉक्टरों ने उसे बाल-बाल बचाया।",बाल-बाल बचाया,['informal'],['Khari Boli Hindi']
साठे पर पाठा,कार्यक्रम में उसकी आलोचना इतनी हुई कि वह साठे पर पाठा खा गया।,साठे पर पाठा,['informal'],"['Haryanvi Hindi', 'Khari Boli Hindi']"
खाली दिमाग शैतान का घर,"गाँव के बुजुर्ग कहते हैं कि खाली दिमाग शैतान का घर होता है, इसलिए नौजवानों को काम में लगना चाहिए।",खाली दिमाग शैतान का घर,"['informal', 'proverb']",['Khari Boli Hindi']
आम के आम गुठलियों के दाम,"मेरी माँ ने कहा कि पढ़ाई से आम के आम गुठलियों के दाम मिलते हैं, मतलब दो फायदे होते हैं।",आम के आम गुठलियों के दाम,"['informal', 'proverbial']",['Khari Boli Hindi']
पाँचों उंगलियाँ बराबर नहीं होती,"पाँचों उंगलियाँ बराबर नहीं होती, इसलिए सभी कर्मचारियों को बराबर ही टास्क नहीं दिए जाते।",पाँचों उंगलियाँ बराबर नहीं होती,"['neutral', 'proverbial']",['Khari Boli Hindi']
नवरत्न,इस संस्था के नवरत्न सदस्यों ने मिलकर संगठन को सफलता की ऊँचाइयों तक पहुँचाया।,नवरत्न,['neutral'],['Khari Boli Hindi']
काम का न काज का दुश्मन अनाज का,अगर हम ऐसे काम का न काज का दुश्मन अनाज का लोगों को मौका देंगे तो परिवार का नुकसान होगा।,काम का न काज का दुश्मन अनाज का,"['informal', 'pejorative']",['Khari Boli Hindi']
गले लगाना,शिक्षकों ने डिजिटल शिक्षा को गले लगाकर बच्चों के लिए नई राह बनाई।,गले लगाकर,['neutral'],['Khari Boli Hindi']
अधजल गगरी छलकत जाय,जब कोई अधजल गगरी छलकत जाय जैसा हो तो उसे ज्यादा महत्व नहीं देना चाहिए।,अधजल गगरी छलकत जाय,"['proverbial', 'informal']",['Khari Boli Hindi']
निकल जाना,वह विवाद में उलझने से बचने के लिए अचानक निकल गया।,निकल गया,['informal'],['Khari Boli Hindi']
दम देना,"जब भी मां बीमार होती हैं, हम सब उनके साथ दम देते हैं ताकि उन्हें अकेलापन न लगे।",दम देते हैं,['informal'],['Khari Boli Hindi']
आँख मारना,"राहुल ने दस्तावेज़ देते हुए आँख मारी, जो एक गुप्त संकेत था।",आँख मारी,['informal'],['Khari Boli Hindi']
राम जाने,तुम्हारा क्या होगा? राम जाने।,राम जाने,['informal'],['Khari Boli Hindi']
ऊँट के मुँह में जीरा,मेरी तनख्वाह में बढ़ोतरी इतनी कम थी कि वह ऊँट के मुँह में जीरा थी।,ऊँट के मुँह में जीरा,"['informal', 'proverbial']",['Khari Boli Hindi']
नाच न जाने आँगन टेढ़ा,"आपको अपनी गलतियों पर नाच न जाने आँगन टेढ़ा का बहाना नहीं करना चाहिए, बल्कि सुधारना चाहिए।",नाच न जाने आँगन टेढ़ा,"['informal', 'proverbial']",['Khari Boli Hindi']
पैसा वसूल,मेरे लिए यह घड़ी पैसा वसूल साबित हुई क्योंकि इसकी क्वालिटी शानदार है।,पैसा वसूल,['informal'],['Khari Boli Hindi']
मन मारना,मैंने मन मारकर मिठाई नहीं खाई क्योंकि डाइट पर था।,मन मारकर,"['neutral', 'informal']",['Khari Boli Hindi']
घी के दिए जलाना,मेहमानों को घी के दिए जलाकर सम्मान देना यहाँ की परंपरा है।,घी के दिए जलाकर,['informal'],['Khari Boli Hindi']
मसें भीगना,यह गाना सुनकर सब मसें भीग गए और आँसू बहाए।,मसें भीग गए,['informal'],['Khari Boli Hindi']
छाती फूलना,माँ ने बेटे की सफलता सुनकर छाती फूल गई और उसने सबके सामने उसका गुणगान किया।,छाती फूल गई,['informal'],['Khari Boli Hindi']
बाल-बाल मोती पिरोना,टीम ने इस डिजाइन को बाल-बाल मोती पिरोना की तरह तैयार किया ताकि कोई कमी न रहे।,बाल-बाल मोती पिरोना,['literary'],['Khari Boli Hindi']
खुजली,रमेश में नया व्यवसाय शुरू करने की खुजली साफ दिख रही थी।,खुजली,['informal'],['Khari Boli Hindi']
फट के हाथ में आना,अगर हम जल्दी से जल्दी फट के हाथ में आ जाएं तो फायदा होगा।,फट के हाथ में आ जाएं,['informal'],['Khari Boli Hindi']
दूर के ढोल सुहावने लगते हैं,दूर के ढोल सुहावने लगते हैं की कहावत हमें सिखाती है कि हर चीज़ की सच्चाई नजदीक से देखनी चाहिए।,दूर के ढोल सुहावने लगते हैं,"['informal', 'neutral']",['Khari Boli Hindi']
तुक्का,"तुक्का लगाकर उसने जुआ जीता, लेकिन बाद में हार गया।",तुक्का लगाकर,['informal'],['Khari Boli Hindi']
मगरमच्छ के आँसू,राजा के मगरमच्छ के आँसू जनता को धोखा देने के लिए थे।,मगरमच्छ के आँसू,"['informal', 'neutral']",['Khari Boli Hindi']
काटना,टीवी शो के एडिटर ने विवादित हिस्सों को काट दिया ताकि कोई विवाद न हो।,काट दिया,['neutral'],['Khari Boli Hindi']
अक्ल बड़ी या भैंस,"मोहल्ले की लड़ाई में बड़ा आदमी जीत गया, तब दादा बोला, 'अक्ल बड़ी या भैंस!'",अक्ल बड़ी या भैंस,"['informal', 'proverbial']",['Khari Boli Hindi']
बाल-बाल बचना,आग लगने पर वे बाल-बाल बच निकले।,बाल-बाल बच,['informal'],['Khari Boli Hindi']
मरता क्या न करता,"मरता क्या न करता, अंजलि ने आखिरी समय तक कोशिश जारी रखी।",मरता क्या न करता,"['informal', 'neutral']",['Khari Boli Hindi']
नाच न जाने आँगन टेढ़ा,राम ने अपनी असफलता के लिए हमेशा नाच न जाने आँगन टेढ़ा कहकर बहाने बनाए।,नाच न जाने आँगन टेढ़ा,"['informal', 'proverbial']",['Khari Boli Hindi']
क्या मैं फ़ारसी बोल रहा हूँ,"मैं तुम्हें समझा रहा हूँ, क्या मैं फ़ारसी बोल रहा हूँ क्या? ध्यान से सुनो।",क्या मैं फ़ारसी बोल रहा हूँ,['informal'],['Khari Boli Hindi']
बाल-बच्चे,बाल-बच्चे का भरण-पोषण करना आसान नहीं होता।,बाल-बच्चे,"['informal', 'neutral']",['Khari Boli Hindi']
कुएँ का मेंढक,गाँव के लोग शहर की बातों को कुएँ का मेंढ़क समझते हैं क्योंकि उनकी सोच सीमित है।,कुएँ का मेंढ़क,['informal'],['Khari Boli Hindi']
चूतिया कटना,उसने स्वीकार किया कि उसे चूतिया कटना पड़ा जब उसने गलती की।,चूतिया कटना पड़ा,"['slang', 'informal']",['Khari Boli Hindi']
मियाँ बीवी राज़ी तो क्या करेगा काज़ी,"मियाँ बीवी राज़ी तो क्या करेगा काज़ी की इस कहावत के अनुसार, बाहरी हस्तक्षेप बेकार है।",मियाँ बीवी राज़ी तो क्या करेगा काज़ी,"['informal', 'proverbial']","['Khari Boli Hindi', 'Urdu origin']"
पूरा का पूरा,"उसने पूरा का पूरा काम अकेले ही कर लिया, वाकई काबिल है।",पूरा का पूरा,['informal'],['Khari Boli Hindi']
ईश्वर की माया कहीं धूप कहीं छाया,"जब से महामारी आई है, हमने ईश्वर की माया कहीं धूप कहीं छाया का अनुभव किया है।",ईश्वर की माया कहीं धूप कहीं छाया,"['literary', 'poetic']",['Khari Boli Hindi']
सर खाना,अगर तुम बार-बार सर खाओगे तो मैं भी तंग हो जाऊंगा।,सर खाओगे,['informal'],"['Khari Boli Hindi', 'Chhattisgarhi Hindi']"
तुक्का,"यह जीत एक तुक्का थी, इसमें कोई योजना नहीं थी।",तुक्का,['informal'],['Khari Boli Hindi']
कमर तोड़ना,इस नए नियम ने किसानों की कमर तोड़ दी है।,कमर तोड़ दी,"['informal', 'neutral']",['Khari Boli Hindi']
नाच न जाने आँगन टेढ़ा,जब प्रोजेक्ट फेल हुआ तो टीम ने नाच न जाने आँगन टेढ़ा कहकर अपनी जिम्मेदारी से भागना चाहा।,नाच न जाने आँगन टेढ़ा,"['informal', 'proverbial']",['Khari Boli Hindi']
मियाँ बीवी राज़ी तो क्या करेगा काज़ी,उनकी मियाँ बीवी राज़ी तो क्या करेगा काज़ी की तरह आपसी सहमति से फैसले हो गए।,मियाँ बीवी राज़ी तो क्या करेगा काज़ी,"['informal', 'proverbial']","['Khari Boli Hindi', 'Urdu origin']"
मुल्ला की दौड़ मस्जिद तक,"वह हमेशा अपनी पार्टी की ही बात करता है, मुल्ला की दौड़ मस्जिद तक ही सीमित है उसकी निष्ठा।",मुल्ला की दौड़ मस्जिद तक,"['informal', 'proverbial']","['Khari Boli Hindi', 'Urdu origin']"
कुएँ का मेंढक,अजय के विचार कुएँ के मेंढ़क जैसे हैं; वह कभी बड़ी दुनिया को समझ नहीं पाता।,कुएँ के मेंढ़क,['informal'],['Khari Boli Hindi']
जैसा कि मैं कह रहा था,"जैसा कि मैं कह रहा था, हमें इस परियोजना को समय पर पूरा करना होगा ताकि कोई देरी न हो।",जैसा कि मैं कह रहा था,"['informal', 'neutral']",['Khari Boli Hindi']
आवश्यकता आविष्कार की जननी है,"टेक्नोलॉजी में नए नवाचार तब आते हैं जब आवश्यकता होती है, यही आवश्यकता आविष्कार की जननी है।",आवश्यकता आविष्कार की जननी है,"['formal', 'proverbial']",['Khari Boli Hindi']
क्या मैं फ़ारसी बोल रहा हूँ,"जब मैंने उसे समझाया तो उसने कहा, 'क्या मैं फ़ारसी बोल रहा हूँ या तुम समझना नहीं चाहते?'",क्या मैं फ़ारसी बोल रहा हूँ,['informal'],['Khari Boli Hindi']
बूढ़ी घोड़ी लाल लगाम,"रमा ने बूढ़ी घोड़ी लाल लगाम की तरह खुद को बहुत रंगीन कपड़ों में सजाया, लेकिन वह अजीब लग रही थी।",बूढ़ी घोड़ी लाल लगाम की तरह,"['informal', 'derogatory']",['Khari Boli Hindi']
उल्टा चोर कोतवाल को डांटे,"जब राजू ने अपनी गलती छुपाने के लिए मास्टर जी को डांटा, तो सबने कहा उल्टा चोर कोतवाल को डांटे।",उल्टा चोर कोतवाल को डांटे,"['informal', 'proverbial']",['Khari Boli Hindi']
पूरा का पूरा,मुझे पूरा का पूरा भरोसा है कि तुम सफलता हासिल करोगे।,पूरा का पूरा,['informal'],['Khari Boli Hindi']
घी के दिए जलाना,उसने बॉस को घी के दिए जलाकर प्रमोशन पाने की कोशिश की।,घी के दिए जलाकर,['informal'],['Khari Boli Hindi']
ख़ून सूखना,ख़बर सुनते ही उसकी ख़ून सूख गई क्योंकि वह बहुत डर गया था।,ख़ून सूख गई,['informal'],['Khari Boli Hindi']
नवरत्न,नवरत्न कलाकारों की प्रदर्शनी में देश-विदेश से लोग आए थे।,नवरत्न,['neutral'],['Khari Boli Hindi']
सर हिलाना,"जब मैने उससे बाहर जाने को कहा, तो उसने सर हिलाकर मना कर दिया।",सर हिलाकर,['informal'],['Khari Boli Hindi']
कौड़ी को तंग,"पिताजी कौड़ी को तंग करने वाले इंसान नहीं हैं, वे खुशखुशाल जीवन बिताते हैं।",कौड़ी को तंग करने वाले,['informal'],['Khari Boli Hindi']
सीना चौड़ा होना,"जब सीमा ने परीक्षा में टॉप किया, तो उसका सीना चौड़ा हो गया।",सीना चौड़ा हो गया,['informal'],['Khari Boli Hindi']
बोया पेड़ बबूल का तो आम कहाँ से होए,"उसने कहा, ‘बोया पेड़ बबूल का तो आम कहाँ से होए, इसलिए हम गलत रास्ता छोड़ना चाहिए।’",बोया पेड़ बबूल का तो आम कहाँ से होए,"['neutral', 'proverbial']",['Khari Boli Hindi']
चुल्लू भर पानी में डूब मरना,अगर तुम फिर से धोखा दोगे तो चुल्लू भर पानी में डूब मरोगे।,चुल्लू भर पानी में डूब मरोगे,"['informal', 'slang']",['Khari Boli Hindi']
मीन-मेख निकालना,अगर तुम मीन-मेख निकालना बंद कर दो तो काम जल्दी पूरा हो जाएगा।,मीन-मेख निकालना,['informal'],['Khari Boli Hindi']
ईश्वर जाने,"जब मैंने उससे पूछा कि अगली बार क्या होगा, उसने बस कहा, ईश्वर जाने।",ईश्वर जाने,['informal'],['Khari Boli Hindi']
साथ गाना,यदि हम साथ गाना चाहते हैं तो हमें एकजुट होकर काम करना होगा।,साथ गाना,['informal'],['Khari Boli Hindi']
बाल-बाल बचाना,पढ़ाई में फेल होने के बाद भी अनिल को बाल-बाल बचा लिया गया था।,बाल-बाल बचा,['informal'],['Khari Boli Hindi']
मन मारना,उन्होंने मन मारकर अपने सपनों को कुछ समय के लिए स्थगित कर दिया।,मन मारकर,"['neutral', 'informal']",['Khari Boli Hindi']
सूप बोले तो बोले छलनी भी बोले जिसमें बहत्तर छेद,"कभी-कभी ऐसे लोग सामने आते हैं जो खुद कमजोर होते हैं, पर दूसरों पर आरोप लगाते हैं, सूप बोले तो बोले छलनी भी बोले जिसमें बहत्तर छेद।",सूप बोले तो बोले छलनी भी बोले जिसमें बहत्तर छेद,"['informal', 'proverbial']",['Khari Boli Hindi']
अपना उल्लू सीधा करना,"वो हमेशा अपना उल्लू सीधा करता है, दूसरों की परवाह नहीं करता।",अपना उल्लू सीधा करता है,['informal'],['Khari Boli Hindi']
मुँह मीठा करना,राजू ने अपनी गलती छुपाने के लिए मुँह मीठा करने की कोशिश की।,मुँह मीठा करने,['informal'],['Khari Boli Hindi']
नक्राश्रु,कठिन परिस्थितियों में भी वह नक्राश्रु बना रहा और किसी से शिकायत नहीं की।,नक्राश्रु,"['literary', 'archaic']","['Khari Boli Hindi', 'Sanskrit origin']"
जलन,बहन की उपलब्धि से भाई की जलन बढ़ गई और उसने उससे दूरी बना ली।,जलन,['neutral'],['Khari Boli Hindi']
जल-थल एक होना,दो दलों ने आपसी मतभेद भूलकर जल-थल एक होकर चुनाव लड़ा।,जल-थल एक होकर,['formal'],['Khari Boli Hindi']
रामबाण,"इस दवा का असर रामबाण है, जो तुरंत दर्द कम कर देता है।",रामबाण,"['neutral', 'formal']",['Khari Boli Hindi']
बाल-बाल बचाना,"अगर विजय ने समय पर रिपोर्ट नहीं दी होती, तो हमारी कंपनी बाल-बाल बचती।",बाल-बाल बचती,['informal'],['Khari Boli Hindi']
जिगर का टुकड़ा,"बच्चा अपनी माँ का जिगर का टुकड़ा है, इसलिए वह उसकी हर बात मानता है।",जिगर का टुकड़ा,"['informal', 'affectionate']",['Khari Boli Hindi']
जले पर नमक छिड़कना,"जब दोस्त ने मेरे नुकसान पर हँसी उड़ाई, तो उसने जले पर नमक छिड़क दिया।",जले पर नमक छिड़क,['informal'],['Khari Boli Hindi']
छत्तीस का आँकड़ा,"राजनीति में वह छत्तीस का आँकड़ा साबित हुआ, जो हर कदम पर विरोध करता रहा।",छत्तीस का आँकड़ा,['informal'],['Khari Boli Hindi']
घोड़ा घास से यारी करे तो खाए क्या?,"राम को कहा गया कि नौकरी छोड़ दो, लेकिन घोड़ा घास से यारी करे तो खाए क्या?",घोड़ा घास से यारी करे तो खाए क्या,"['informal', 'proverbial']",['Khari Boli Hindi']
नवरत्न,टीम के कप्तान को नवरत्न कहा जाता है क्योंकि वह सबसे बहुमूल्य खिलाड़ी है।,नवरत्न,['neutral'],['Khari Boli Hindi']
खोदा पहाड़ निकली चुहिया,"टीम ने एक महीने की मेहनत की, पर परिणाम छोटा था, जैसे खोदा पहाड़ निकली चुहिया।",खोदा पहाड़ निकली चुहिया,"['informal', 'colloquial']",['Khari Boli Hindi']
चुल्लू भर पानी में डूब मरना,उसने कहा कि झूठ बोलने वालों को चुल्लू भर पानी में डूब मरना चाहिए।,चुल्लू भर पानी में डूब मरना,"['informal', 'slang']",['Khari Boli Hindi']
खाली दिमाग शैतान का घर,"यह सच है कि खाली दिमाग शैतान का घर होता है, इसलिए हमें हमेशा अपने दिमाग को व्यस्त रखना चाहिए।",खाली दिमाग शैतान का घर,"['informal', 'proverb']",['Khari Boli Hindi']
तेल लेने जाना,क्या तुम सच में तेल लेने जा रहे हो या सिर्फ तेल लेने जाना कह रहे हो? ,तेल लेने जा रहे हो,['informal'],['Khari Boli Hindi']
जागृत हो जाना,वह अपने अधिकारों के बारे में जागृत हो चुका है और अन्याय के खिलाफ आवाज़ उठा रहा है।,जागृत हो चुका है,['formal'],['Khari Boli Hindi']
रोज़ी रोटी,उसकी रोज़ी रोटी कपड़े बेचने में ही है।,रोज़ी रोटी,['neutral'],['Khari Boli Hindi']
नक्राश्रु,"गंभीर खबर सुनकर उसके चेहरे पर नक्राश्रु भाव था, जो उसकी मजबूती दिखाता था।",नक्राश्रु,"['literary', 'archaic']","['Khari Boli Hindi', 'Sanskrit origin']"
आठों पहर,"राम अपने काम में आठों पहर लगे रहते हैं, वह बहुत परिश्रमी है।",आठों पहर,"['poetic', 'informal']",['Khari Boli Hindi']
नेकी और पूछ पूछ,वह नेकी और पूछ पूछ करके अपने गाँव में सबका दिल जीत चुका है।,नेकी और पूछ पूछ करके,['informal'],['Khari Boli Hindi']
जागृत हो जाना,सामाजिक मुद्दों पर जागृत हो जाना आज के युवाओं का फर्ज़ है।,जागृत हो जाना,['formal'],['Khari Boli Hindi']
थाली का बैगन होना,थाली का बैगन होने की वजह से वह हर बार दूसरों के दबाव में आ जाता है।,थाली का बैगन होने,['informal'],['Khari Boli Hindi']
संग गाना,अगर हम संग गाना करेंगे तो प्रोजेक्ट जल्दी पूरा होगा।,संग गाना,['informal'],['Khari Boli Hindi']
नौ दो ग्यारह होना,अगर आपको मुसीबत में पड़ना नहीं है तो नौ दो ग्यारह होना सीखें।,नौ दो ग्यारह होना,['informal'],['Khari Boli Hindi']
मुँह में राम बगल में छुरी,ध्यान रखें कि मुँह में राम बगल में छुरी वाले लोगों से सावधान रहना चाहिए।,मुँह में राम बगल में छुरी,"['informal', 'derogatory']",['Khari Boli Hindi']
थाली का बैगन होना,"वह हमेशा थाली का बैगन होता है, कभी अपनी राय पर अड़ा नहीं रहता।",थाली का बैगन होता,['informal'],['Khari Boli Hindi']
मुठ मारना,"यह विषय बहुत संवेदनशील है, इसलिए मुठ मारने जैसी बातें न करें।",मुठ मारने,"['slang', 'vulgar']",['Khari Boli Hindi']
सोलह आने सच,"उसके दावे सोलह आने सच हैं, इसलिए हम उसपर विश्वास करते हैं।",सोलह आने सच,['informal'],['Khari Boli Hindi']
गागर में सागर भरना,"संदीप ने अपनी कविता में गागर में सागर भरना कर दिया, बहुत कम शब्दों में गहरा अर्थ व्यक्त किया।",गागर में सागर भरना,"['neutral', 'proverbial']",['Khari Boli Hindi']
मक्खन लगाना,अगर तुम मुझे मक्खन लगाओगे तो मैं तुम्हारी मदद कर सकता हूँ।,मक्खन लगाओगे,['informal'],['Khari Boli Hindi']
दम देना,"शहर में हुए झगड़े में दो लोग दम दे दिए गए, जिससे सभी दहशत में हैं।",दम दे दिए गए,['informal'],['Khari Boli Hindi']
बहती गंगा में हाथ धोना,इस नए बाजार में निवेश करना बहती गंगा में हाथ धोने जैसा है।,बहती गंगा में हाथ धोने,['informal'],['Khari Boli Hindi']
घोड़ा घास से यारी करे तो खाए क्या?,"तुम खेत छोड़ दो तो ठीक, लेकिन घोड़ा घास से यारी करे तो खाए क्या, इसे समझो।",घोड़ा घास से यारी करे तो खाए क्या,"['informal', 'proverbial']",['Khari Boli Hindi']
हाथ में होना,"जब तक यह मामला पुलिस के हाथ में है, हमें चिंता नहीं करनी चाहिए।",हाथ में है,['neutral'],['Khari Boli Hindi']
घड़ियाल के आँसू,घड़ियाल के आँसू बहाकर वह अपनी गलती छुपाने की कोशिश कर रहा था।,घड़ियाल के आँसू,['informal'],['Khari Boli Hindi']
मुठ मारना,"मुठ मारना एक निजी विषय है, जिसे खुले में चर्चा नहीं करनी चाहिए।",मुठ मारना,"['slang', 'vulgar']",['Khari Boli Hindi']
बोया पेड़ बबूल का तो आम कहाँ से होए,"बोया पेड़ बबूल का तो आम कहाँ से होए की तरह, बुरी संगत से अच्छे फल नहीं मिलते।",बोया पेड़ बबूल का तो आम कहाँ से होए,"['neutral', 'proverbial']",['Khari Boli Hindi']
चेहरा उतरना,नतीजा जानकर उसका चेहरा उतर गया।,चेहरा उतर गया,['informal'],['Khari Boli Hindi']
तुक्का,परिक्षा में तुक्का लगाना ठीक नहीं होता।,तुक्का लगाना,['informal'],['Khari Boli Hindi']
मरता क्या न करता,"मरता क्या न करता, जब परीक्षा पास करनी हो तो कोई मेहनत बड़ी नहीं लगती।",मरता क्या न करता,"['informal', 'neutral']",['Khari Boli Hindi']
चढ़ जाना,उसकी नाराज़गी इतनी चढ़ गई कि वह चुप नहीं रह सका।,चढ़ गई,['informal'],['Khari Boli Hindi']
ऊँट के मुँह में जीरा,सरकार की यह सहायता गरीबों के लिए ऊँट के मुँह में जीरा साबित हुई।,ऊँट के मुँह में जीरा,"['informal', 'proverbial']",['Khari Boli Hindi']
क्या चल रहा है,"जब उसने अचानक नौकरी छोड़ दी तो सबने कहा, 'क्या चल रहा है?'",क्या चल रहा है,['informal'],['Khari Boli Hindi']
चढ़ जाना,क्या राजीव तुम्हारे बॉस की नजर में चढ़ गया है?,चढ़ गया,['informal'],['Khari Boli Hindi']
जो गरजते हैं वो बरसते नहीं,"सरकार ने बहुत कुछ कहा, लेकिन जो गरजते हैं वो बरसते नहीं, इसलिए जनता निराश है।",जो गरजते हैं वो बरसते नहीं,"['informal', 'proverb']",['Khari Boli Hindi']
थककर बैठ जाना,टीम के लगातार हारने पर खिलाड़ी थककर बैठ गए और खेलने का मन नहीं रहा।,थककर बैठ गए,['informal'],['Khari Boli Hindi']
छत्तीस का आँकड़ा,"अमित को उनकी टीम में छत्तीस का आँकड़ा समझा जाता था, इसलिए कोई उन्हें गंभीरता से नहीं लेता था।",छत्तीस का आँकड़ा,['informal'],['Khari Boli Hindi']
हाथ में होना,"सभी जरूरी दस्तावेज़ मेरे हाथ में हैं, इसलिए चिंता मत करो।",हाथ में हैं,['neutral'],['Khari Boli Hindi']
चढ़ जाना,नए शिक्षक ने छात्रों के दिलों में जल्दी ही चढ़ जाना शुरू कर दिया।,चढ़ जाना,['informal'],['Khari Boli Hindi']
लालफ़ीता,कार्यकर्ताओं ने विरोध प्रदर्शन में लालफ़ीता पहनकर अपनी एकता दिखाई।,लालफ़ीता,['informal'],['Khari Boli Hindi']
जागृत हो जाना,"बस जब से पर्यावरण संरक्षण के बारे में जागृत हो गए हैं, हम कूड़ा कम करने लगे हैं।",जागृत हो गए हैं,['formal'],['Khari Boli Hindi']
उल्लू का पट्ठा,मोहित को देखकर लगता है कि कभी-कभी वह उल्लू का पट्ठा बन जाता है।,उल्लू का पट्ठा,"['informal', 'slang', 'derogatory']",['Khari Boli Hindi']
जिस थाली में खाना उसी में छेद करना,"उसने अपने दोस्तों की मदद करने के बाद उन्हें धोखा दिया, जैसे कि जिस थाली में खाना उसी में छेद कर देना।",जिस थाली में खाना उसी में छेद कर देना,"['informal', 'proverbial']",['Khari Boli Hindi']
बाल-बच्चे,बाल-बच्चे के लिए अच्छी शिक्षा जरूरी है।,बाल-बच्चे,['neutral'],['Khari Boli Hindi']
चार दिन की चाँदनी फिर अँधेरी रात,चार दिन की चाँदनी फिर अँधेरी रात की तरह उसकी खुशी कुछ ही दिनों में खत्म हो गई।,चार दिन की चाँदनी फिर अँधेरी रात,['informal'],['Khari Boli Hindi']
निकल जाना,"जब पुलिस आई, तो वह अपराधी फुर्ती से निकल गया।",निकल गया,['informal'],['Khari Boli Hindi']
आम के आम गुठलियों के दाम,"रमेश को नौकरी और साथ में अच्छा वेतन मिल गया, सच में आम के आम गुठलियों के दाम मिले।",आम के आम गुठलियों के दाम,"['informal', 'proverbial']",['Khari Boli Hindi']
लातों के भूत बातों से नहीं मानते,"राकेश ने समझाने की बहुत कोशिश की, लेकिन वे लोग लातों के भूत बातों से नहीं मानते।",लातों के भूत बातों से नहीं मानते,"['informal', 'proverbial', 'derogatory']",['Khari Boli Hindi']
नाक कटना,"अगर तुम सच नहीं बोलोगे तो तुम्हारा नाक कट जाएगा, इसलिए ईमानदारी से जवाब दो।",नाक कट जाएगा,['informal'],['Khari Boli Hindi']
गले लगाना,कभी कट्टर विरोधी रहे नेता अब सार्वजनिक रूप से एक-दूसरे को गले लगा रहे हैं।,गले लगा रहे हैं,"['informal', 'neutral']",['Khari Boli Hindi']
मक्खीचूस,मक्खीचूस लोगों से मदद की उम्मीद नहीं रखनी चाहिए।,मक्खीचूस,"['informal', 'slang', 'pejorative']",['Khari Boli Hindi']
बाल-बच्चे,राम अपने बाल-बच्चे के साथ पार्क में गया।,बाल-बच्चे,['neutral'],['Khari Boli Hindi']
छाती फूलना,जब उसकी कविता को पुरस्कार मिला तो उसकी छाती फूल गई और वह गर्व महसूस करने लगा।,छाती फूल गई,['informal'],['Khari Boli Hindi']
दूध का जला छाछ भी फूँक फूँक कर पीता है,दूध का जला छाछ भी फूँक फूँक कर पीता है कहावत उसके बारे में बिल्कुल सही बैठती है।,दूध का जला छाछ भी फूँक फूँक कर पीता है,"['proverbial', 'informal']",['Khari Boli Hindi']
सीना चौड़ा होना,व्यापार में सफलता मिलने पर उसका सीना चौड़ा हो गया।,सीना चौड़ा हो गया,['informal'],['Khari Boli Hindi']
नेकी और पूछ पूछ,"सीमा बिना कहे ही सबकी मदद करती है, सचमुच नेकी और पूछ पूछ वाली है।",नेकी और पूछ पूछ वाली,['informal'],['Khari Boli Hindi']
फ़न्ने ख़ान,फिल्म इंडस्ट्री में कई लोग फ़न्ने ख़ान की तरह दिखावा करते हैं।,फ़न्ने ख़ान की तरह,"['informal', 'slang', 'pejorative']",['Khari Boli Hindi']
रोशनी,आईना टूटा तो रोशनी भी कम हो गई।,रोशनी,['neutral'],['Khari Boli Hindi']
गूँगे का गुड़ खाना,लड़ाई में हारकर राजू गूँगे का गुड़ खाता रहा और कोई जवाब नहीं दिया।,गूँगे का गुड़ खाता,['informal'],['Khari Boli Hindi']
सरकार का दामाद,सरकार का दामाद बनने के बाद उसके खिलाफ कोई कार्रवाई नहीं हुई।,सरकार का दामाद,"['informal', 'pejorative']",['Khari Boli Hindi']
बात बनना,आखिरकार प्रस्ताव पर सहमति बन गई और बात बन गई।,बात बन गई,"['informal', 'neutral']",['Khari Boli Hindi']
कंगाली में आटा गीला,"जब नौकरी चली गई और घर का खर्चा भी बढ़ गया, तो सच में कंगाली में आटा गीला हो गया।",कंगाली में आटा गीला,"['informal', 'proverbial']",['Khari Boli Hindi']
दो नावों की सवारी,राजनीति में दो नावों की सवारी करना मुश्किल होता है क्योंकि दोनों पक्षों को संतुष्ट करना पड़ता है।,दो नावों की सवारी करना,"['informal', 'proverbial']",['Khari Boli Hindi']
तुक्का,"मैंने तुक्का लगाकर उस दरवाज़े पर दस्तक दी, लेकिन कोई जवाब नहीं मिला।",तुक्का लगाकर,['informal'],['Khari Boli Hindi']
मुँह मीठा करना,वह हमेशा मुँह मीठा करके लोगों का दिल जीतने की कोशिश करता है।,मुँह मीठा करके,['informal'],['Khari Boli Hindi']
उड़ती चिड़िया के पर पहचानना,"मोहिनी ने कहा कि हमें इस मामले की पुष्टि करनी चाहिए, क्योंकि उड़ती चिड़िया के पर पहचानना सही नहीं होगा।",उड़ती चिड़िया के पर पहचानना,"['informal', 'proverbial']",['Khari Boli Hindi']
ईश्वर जाने,"मौसम कब बदलेगा? ईश्वर जाने, ये तो कोई नहीं कह सकता।",ईश्वर जाने,['informal'],['Khari Boli Hindi']
बूढ़ी घोड़ी लाल लगाम,कुछ लोग बूढ़ी घोड़ी लाल लगाम की तरह बूढ़े होने पर भी जवान दिखने की कोशिश करते हैं।,बूढ़ी घोड़ी लाल लगाम की तरह,"['informal', 'derogatory']",['Khari Boli Hindi']
दूध का दूध और पानी का पानी,टीम ने अंत में दूध का दूध और पानी का पानी कर दिया और भ्रष्टाचारियों को उजागर किया।,दूध का दूध और पानी का पानी कर दिया,"['neutral', 'formal']",['Khari Boli Hindi']
सरकार का दामाद,"वह तो सरकार का दामाद निकला, हर काम में उसे विशेष सुविधा मिलती है।",सरकार का दामाद,"['informal', 'pejorative']",['Khari Boli Hindi']
अपनी गली में कुत्ता भी शेर होता है,"राहुल अपनी गली में कुत्ता भी शेर होता है, इसलिए वह वहां बड़ा आदमी है।",अपनी गली में कुत्ता भी शेर होता है,"['informal', 'proverbial']",['Khari Boli Hindi']
काटना,"सरकार ने इस साल शिक्षा के बजट में काफी रकम काट दी है, जिससे स्कूलों को नुकसान हुआ है।",काट दी है,"['neutral', 'formal']",['Khari Boli Hindi']
मगरमच्छ के आँसू,उसके मगरमच्छ के आँसू देखकर मुझे उसका झूठ समझ आ गया।,मगरमच्छ के आँसू,"['informal', 'neutral']",['Khari Boli Hindi']
मन मारना,"मन मारना ठीक नहीं है, हमेशा उम्मीद बनाए रखनी चाहिए।",मन मारना,['informal'],['Khari Boli Hindi']
नया नौ दिन पुराना सौ दिन,कई बार लोग नया नौ दिन पुराना सौ दिन की सोच से जल्द ही निराश हो जाते हैं।,नया नौ दिन पुराना सौ दिन,"['informal', 'proverbial']",['Khari Boli Hindi']
दाल में कुछ काला होना,"पुलिस को शक था कि मामले में दाल में कुछ काला है, इसलिए उन्होंने जांच शुरू की।",दाल में कुछ काला,['informal'],['Khari Boli Hindi']
ख़बर लेना,"नौकरी शुरू होने के बाद भी, वह अपने दोस्तों की ख़बर लेना नहीं भूलता।",ख़बर लेना,"['informal', 'colloquial']","['Khari Boli Hindi', 'Urdu origin']"
चुप रहना,"तुम चुप रहना क्यों चाहते हो, इस मामले में जवाब दो।",चुप रहना,['neutral'],['Khari Boli Hindi']
छत्तीस का आँकड़ा,अगर तुम ऐसे छत्तीस का आँकड़ा बने रहोगे तो किसी से समझौता नहीं होगा।,छत्तीस का आँकड़ा,['informal'],['Khari Boli Hindi']
पल्ले नहीं पड़ना,"मेरे सुझाव देने का पल्ला कुछ भी नहीं पड़ा, कोई भी विचार नहीं लिया।",पल्ला कुछ भी नहीं पड़ा,['informal'],['Khari Boli Hindi']
ईश्वर की माया कहीं धूप कहीं छाया,"जीवन में ईश्वर की माया कहीं धूप कहीं छाया है, इसलिए हमें हर स्थिति के लिए तैयार रहना चाहिए।",ईश्वर की माया कहीं धूप कहीं छाया,"['literary', 'neutral']",['Khari Boli Hindi']
बाल-बाल बचना,"गाड़ी दुर्घटना में वह बाल-बाल बचा, लेकिन गाड़ी पूरी तरह टूट गई।",बाल-बाल बचा,['informal'],['Khari Boli Hindi']
रोज़ी रोटी,गरीबों की रोज़ी रोटी सुनिश्चित करना सरकार की जिम्मेदारी है।,रोज़ी रोटी,['neutral'],['Khari Boli Hindi']
आँख मारना,"बैठक में जब बॉस ने आँख मारी, तो सभी समझ गए कि योजना सफल हो जाएगी।",आँख मारी,['informal'],['Khari Boli Hindi']
मरता क्या न करता,मरता क्या न करता की सोच से वह अपने परिवार का भरण-पोषण करता है।,मरता क्या न करता,"['informal', 'proverbial']",['Khari Boli Hindi']
न रहेगा बाँस न बजेगी बाँसुरी,कंपनी के मालिक के जाने के बाद न रहेगा बाँस न बजेगी बाँसुरी जैसी स्थिति बन गई।,न रहेगा बाँस न बजेगी बाँसुरी,"['informal', 'proverbial']",['Khari Boli Hindi']
आवश्यकता आविष्कार की जननी है,"जब गांव में पानी की कमी हुई, तो लोगों ने नया तरीका खोजा। यह दिखाता है कि आवश्यकता आविष्कार की जननी है।",आवश्यकता आविष्कार की जननी है,"['formal', 'proverbial']",['Khari Boli Hindi']
क्या चल रहा है,"तुम्हारे इस व्यवहार को देखकर क्या चल रहा है, मैं समझ नहीं पा रहा हूँ।",क्या चल रहा है,['informal'],['Khari Boli Hindi']
घोड़े बेचकर सोना,"पार्टी के बाद वह घोड़े बेचकर सो गया, जैसे भविष्य की परवाह ही न हो।",घोड़े बेचकर सो,['informal'],['Khari Boli Hindi']
साथ गाना,सभी कर्मचारी नई परियोजना में साथ गाना चाहते हैं।,साथ गाना,['informal'],['Khari Boli Hindi']
आवश्यकता आविष्कार की जननी है,"अगर तुम्हें कोई समस्या है तो उसका समाधान ढूंढो, क्योंकि आवश्यकता आविष्कार की जननी है।",आवश्यकता आविष्कार की जननी है,"['formal', 'proverbial']",['Khari Boli Hindi']
सितारा,रेस्टोरेंट की सेवा को तीन सितारा माना जाता है।,तीन सितारा,['formal'],['Khari Boli Hindi']
जले पर नमक छिड़कना,"तुम्हारे आलोचनाओं से उसकी तकलीफ बढ़ गई, जैसे जले पर नमक छिड़कना।",जले पर नमक छिड़कना,['informal'],['Khari Boli Hindi']
सूप बोले तो बोले छलनी भी बोले जिसमें बहत्तर छेद,"वह जो खुद दोषी है, दूसरों की निंदा करता है—सूप बोले तो बोले छलनी भी बोले जिसमें बहत्तर छेद।",सूप बोले तो बोले छलनी भी बोले जिसमें बहत्तर छेद,"['informal', 'proverbial']",['Khari Boli Hindi']
नया नौ दिन पुराना सौ दिन,नया नौ दिन पुराना सौ दिन कहावत हमें बताती है कि नयी चीज़ें जल्दी फीकी पड़ जाती हैं।,नया नौ दिन पुराना सौ दिन,"['informal', 'proverbial']",['Khari Boli Hindi']
सर हिलाना,माता-पिता ने सुझाव दिया और बच्चे ने सर हिला कर हामी भर दी।,सर हिला कर,"['informal', 'neutral']",['Khari Boli Hindi']
हाथ में होना,"तुम्हारे हाथ में योजना का ड्राफ्ट है, क्या तुम इसे पूरा कर सकते हो? ",हाथ में,['neutral'],['Khari Boli Hindi']
पता चलना,डॉक्टर ने बताया कि बीमारी का पता चलना बहुत जरूरी है।,पता चलना,['neutral'],['Khari Boli Hindi']
सर हिलाना,कभी-कभी सर हिलाने का मतलब असहमति भी होता है।,सर हिलाने,['informal'],['Khari Boli Hindi']
बाल-बाल बचना,बारिश में फिसलने के बाद वह बाल-बाल बच गया।,बाल-बाल बच,['informal'],['Khari Boli Hindi']
पता चलना,मुझे पता चल गया कि वे हमारे खिलाफ साजिश रच रहे हैं।,पता चल गया,['neutral'],['Khari Boli Hindi']
जाग जाना,जब उसे सच का पता चला तो वह पूरी तरह जाग गया और अपनी गलती समझी।,जाग गया,['neutral'],['Khari Boli Hindi']
सिट्टीपिट्टी गुम होना,"चिंता के कारण उसकी सिट्टीपिट्टी गुम हो गई थी, जिससे वह सही निर्णय नहीं ले पाया।",सिट्टीपिट्टी गुम हो गई थी,['informal'],['Khari Boli Hindi']
सीधी उंगली से घी नहीं निकलता,"अर्जुन को समझना होगा कि सीधी उंगली से घी नहीं निकलता, मेहनत और समझदारी से काम लेना होगा।",सीधी उंगली से घी नहीं निकलता,"['informal', 'proverbial']",['Khari Boli Hindi']
मक्खन लगाना,मोहिनी ने अपने सास को मक्खन लगाया ताकि वे उससे खुश हों।,मक्खन लगाया,['informal'],['Khari Boli Hindi']
बात बनना,अगर बात बन जाए तो यह प्रोजेक्ट बहुत लाभकारी होगा।,बात बन जाए,"['informal', 'neutral']",['Khari Boli Hindi']
मन मारना,स्नेहा ने नौकरी न मिलने पर मन मार लिया था।,मन मार लिया,['informal'],['Khari Boli Hindi']
पल्ले नहीं पड़ना,मेरी मेहनत का इस बार पल्ले नहीं पड़ा क्योंकि प्रमोशन किसी और को मिल गया।,पल्ले नहीं पड़ा,['informal'],['Khari Boli Hindi']
खुजली,मेरी खुजली है कि मैं अगले साल विदेश जाकर पढ़ाई करूँ।,खुजली,['informal'],['Khari Boli Hindi']
सितारा,इस होटल को पाँच सितारा रेटिंग मिली है।,पाँच सितारा,['formal'],['Khari Boli Hindi']
लालफ़ीता,सैनिकों ने अपने कपड़ों पर लालफ़ीता लगाई ताकि वे एक-दूसरे को पहचान सकें।,लालफ़ीता,['informal'],['Khari Boli Hindi']
ख़ून का बदला ख़ून,उनका मानना है कि ख़ून का बदला ख़ून लेना ही न्याय है।,ख़ून का बदला ख़ून लेना,['formal'],['Khari Boli Hindi']
रोशनी,शिक्षा ही समाज में रोशनी फैलाने का माध्यम है।,रोशनी,"['neutral', 'literary']","['Khari Boli Hindi', 'Urdu origin']"
तूफ़ान के पहले की शांति,तूफ़ान के पहले की शांति में ही अधिकारियों ने तैयारियां शुरू कर दीं।,तूफ़ान के पहले की शांति,['neutral'],['Khari Boli Hindi']
मुल्ला की दौड़ मस्जिद तक,मुल्ला की दौड़ मस्जिद तक वाली मानसिकता से समाज में भेदभाव बढ़ता है।,मुल्ला की दौड़ मस्जिद तक,"['informal', 'proverbial']","['Khari Boli Hindi', 'Urdu origin']"
निकल जाना,दूसरे रेसर्स को पीछे छोड़कर उसने दौड़ में निकल जाना साबित कर दिया।,निकल जाना,['neutral'],['Khari Boli Hindi']
बहती गंगा में हाथ धोना,"जब बिजनेस अच्छा चल रहा था, तो हमने बहती गंगा में हाथ धोने का फायदा उठाया।",बहती गंगा में हाथ धोने,['informal'],['Khari Boli Hindi']
बाल-बाल बचना,बाल-बाल बचना इस दुर्घटना में एक चमत्कार था।,बाल-बाल बचना,['informal'],['Khari Boli Hindi']
रोशनी,अंधेरे में आशा की रोशनी बनकर वह सामने आया।,रोशनी,"['neutral', 'literary']","['Khari Boli Hindi', 'Urdu origin']"
बूढ़ी घोड़ी लाल लगाम,"बूढ़ी घोड़ी लाल लगाम वाली बात सच है, जब दादी जी ने बहुत चमकीले गहने पहन लिए।",बूढ़ी घोड़ी लाल लगाम वाली,"['informal', 'derogatory']",['Khari Boli Hindi']
आठों पहर,उस दुकान पर आठों पहर ग्राहकों की भीड़ लगी रहती है।,आठों पहर,"['poetic', 'informal']",['Khari Boli Hindi']
नया नौ दिन पुराना सौ दिन,"शुरू में उसका जोश ज़्यादा था, लेकिन नया नौ दिन पुराना सौ दिन की तरह वह जल्दी थक गया।",नया नौ दिन पुराना सौ दिन,"['informal', 'proverbial']",['Khari Boli Hindi']
राम जाने,"मैं नहीं जानता कि क्या होगा, राम जाने।",राम जाने,['informal'],['Khari Boli Hindi']
थककर बैठ जाना,परिषद की आलोचनाओं से छात्र थककर बैठ गया और पढ़ाई छोड़ने लगा।,थककर बैठ गया,['informal'],['Khari Boli Hindi']
सितारा,वह गायक आज का सबसे चमकता हुआ सितारा बन गया है।,सितारा,['neutral'],['Khari Boli Hindi']
चार दिन की चाँदनी फिर अँधेरी रात,"वह चार दिन की चाँदनी फिर अँधेरी रात का उदाहरण था, जो थोड़ी देर चमका और फिर बुझ गया।",चार दिन की चाँदनी फिर अँधेरी रात,['informal'],['Khari Boli Hindi']
हाथ में होना,क्या तुम्हारे हाथ में कंपनी के सारे दस्तावेज़ हैं?,हाथ में,['neutral'],['Khari Boli Hindi']
निकल जाना,चोरी पकड़ने के डर से चोर मौके से निकल गया।,निकल गया,['informal'],['Khari Boli Hindi']
हाँ में हाँ मिलाना,"अजय तो हमेशा बॉस की बातों में हाँ में हाँ मिलाता रहता है, ताकि उसे पसंद किया जाए।",हाँ में हाँ मिलाता,['informal'],['Khari Boli Hindi']
निकल जाना,अगर तुम मेहनत करोगे तो प्रतियोगिता में सबको निकल जाओगे।,निकल जाओगे,['neutral'],['Khari Boli Hindi']
शब्दसागर,इस नए शब्दकोश को शब्दसागर कहा जा रहा है क्योंकि इसमें हजारों शब्द हैं।,शब्दसागर,['formal'],['Khari Boli Hindi']
रोशनी,"उसकी रोशनी कमजोर होने लगी है, डॉक्टर को दिखाना चाहिए।",रोशनी,['neutral'],['Khari Boli Hindi']
जलन,तुम्हारी तारीफ सुनकर उसकी जलन साफ नजर आ रही थी।,जलन,['neutral'],['Khari Boli Hindi']
काटना,कंपनी ने कर्मचारियों की सुविधाओं में कटौती करते हुए वेतन भी काटा।,काटा,"['neutral', 'formal']",['Khari Boli Hindi']
तुग़लक़,"अखिलेश का शासन तुग़लक़ की तरह था, अचानक फैसले बदलना उसकी आदत बन गई।",तुग़लक़,"['informal', 'pejorative']",['Khari Boli Hindi']
नौ दो ग्यारह होना,चोरी पकड़े जाने पर वह नौ दो ग्यारह हो गया और पुलिस से बच निकला।,नौ दो ग्यारह हो गया,['informal'],['Khari Boli Hindi']
जिगर का टुकड़ा,दादा-दादी अपने पोते को जिगर का टुकड़ा मानते हैं।,जिगर का टुकड़ा,"['informal', 'affectionate']",['Khari Boli Hindi']
गले लगाना,दोनों देशों ने विवाद खत्म करके गले लगाना चुना ताकि शांति बनी रहे।,गले लगाना,"['informal', 'neutral']",['Khari Boli Hindi']
मक्खीचूस,अजय इतना मक्खीचूस है कि कभी भी पैसे खर्च नहीं करता।,मक्खीचूस,"['informal', 'slang', 'pejorative']",['Khari Boli Hindi']
मीन-मेख निकालना,"अंकित हर मीटिंग में मीन-मेख निकालता रहता है, कभी काम की बात ही नहीं करता।",मीन-मेख निकालता,['informal'],['Khari Boli Hindi']
बकरे की माँ कब तक ख़ैर मनायेगी,"वह अभी खुश है, पर बकरे की माँ कब तक ख़ैर मनाएगी, इसका ध्यान रखना चाहिए।",बकरे की माँ कब तक ख़ैर मनाएगी,"['informal', 'proverbial']",['Khari Boli Hindi']
जिगर का टुकड़ा,"वह मेरे लिए जिगर का टुकड़ा है, मैं उसके लिए कुछ भी कर सकता हूँ।",जिगर का टुकड़ा,"['informal', 'affectionate']",['Khari Boli Hindi']
मुँह मीठा करना,नयी नौकरी मिलने पर उन्होंने ऑफिस में मुँह मीठा करवाया।,मुँह मीठा करवाया,['informal'],['Khari Boli Hindi']
चेहरा उतरना,जब उसने असफलता का सामना किया तो उसका चेहरा उतर गया।,चेहरा उतर गया,['informal'],['Khari Boli Hindi']
तुक्का,अक्सर तुक्का लगाकर काम करने से सफलता नहीं मिलती।,तुक्का लगाकर,['informal'],['Khari Boli Hindi']
बोया पेड़ बबूल का तो आम कहाँ से होए,अगर मेहनत सही दिशा में नहीं है तो बोया पेड़ बबूल का तो आम कहाँ से होए जैसा ही नतीजा मिलेगा।,बोया पेड़ बबूल का तो आम कहाँ से होए,"['neutral', 'proverbial']",['Khari Boli Hindi']
हाँ में हाँ मिलाना,क्या तुम सच में उनकी हर बात में हाँ में हाँ मिलाओगे या अपनी राय रखोगे? ,हाँ में हाँ मिलाओगे,['informal'],['Khari Boli Hindi']
रान में ज़ोर होना,रान में ज़ोर होने पर संयम रखना जरूरी होता है।,रान में ज़ोर होने,"['informal', 'slang', 'vulgar']",['Khari Boli Hindi']
